Referencia,Nome,Categoria,Preco,Imagem
P4167,"Escape (completo), TOX (SPEEDBIRD A110) / ATV 110-125",Escapes Pitbikes / Mini-ATV's (4T),"31,71",https://motoxpert.pt/web/image/product.template/7874/image?unique=1434fb9
P4169,"Escape (completo), ATV 90 (Tipo 2)",Escapes Pitbikes / Mini-ATV's (4T),"32,48",https://motoxpert.pt/web/image/product.template/7470/image?unique=4079164
P4355,"Escape (completo), TOX (SPEEDBIRD A110) / ATV110-125 (8"")",Escapes Pitbikes / Mini-ATV's (4T),"32,48",https://motoxpert.pt/web/image/product.template/7386/image?unique=260fa77
P2484,"Escape completo 32mm, CRF50, PITBIKE",Escapes Pitbikes / Mini-ATV's (4T),"47,97",https://motoxpert.pt/web/image/product.template/6511/image?unique=e5d78c9
P740,"Escape (completo), TOX (BIGFOOT / RAZER?) / ATV 90-110",Escapes Pitbikes / Mini-ATV's (4T),"32,48",https://motoxpert.pt/web/image/product.template/4253/image?unique=e156842
P.10.0088,"Colector de Escape 28mm, CRF50 / PITBIKE",Escapes Pitbikes / Mini-ATV's (4T),"28,46",https://motoxpert.pt/web/image/product.template/1243/image?unique=5d0454c
P.10.0009,"Ponteira de Escape (28mm), TOX (SPEEDBIRD 110-125) / ATV-PITBIKE",Escapes Pitbikes / Mini-ATV's (4T),"24,35",https://motoxpert.pt/web/image/product.template/1209/image?unique=2d5c666
P5664,"Escape completo, TOX (MD02 / KNIGHT) / PITBIKE",Escapes Pitbikes / Mini-ATV's (4T),"39,84",https://motoxpert.pt/web/image/product.template/8126/image?unique=4bc7517
P6334,"Ponteira de Escape 32mm (c/ abraçadeira + borracha), PITBIKE",Escapes Pitbikes / Mini-ATV's (4T),"31,71",https://motoxpert.pt/web/image/product.template/9321/image?unique=4079164
YC110-13014-03BK,"Ponteira de Escape c/ abraçadeira (preto) RACING 31MM SP3, YCF PITBIKE",Escapes Pitbikes / Mini-ATV's (4T),"121,14",https://motoxpert.pt/web/image/product.template/8677/image?unique=4079164
YC50-13016MG,"Ponteira de Escape, YCF (50A) / PITBIKE",Escapes Pitbikes / Mini-ATV's (4T),"60,98",https://motoxpert.pt/web/image/product.template/9631/image?unique=4079164
YC110-136-GY,"Escape (completo), YCF (START) PITBIKE",Escapes Pitbikes / Mini-ATV's (4T),"77,24",https://motoxpert.pt/web/image/product.template/9628/image?unique=4079164
YC110-136-03-GY,"Escape (completo), YCF (PILOT / SM150) PITBIKE",Escapes Pitbikes / Mini-ATV's (4T),"77,24",https://motoxpert.pt/web/image/product.template/8672/image?unique=4079164
YC110-1302-13,Colector de Escape RACING,Escapes Pitbikes / Mini-ATV's (4T),"0,00",https://motoxpert.pt/web/image/product.template/11126/image?unique=4079164
SCALVINI-SP-BK,"Escape (completo), YCF (FACTORY) PITBIKE / SCALVINI ®",Escapes Pitbikes / Mini-ATV's (4T),"381,30",https://motoxpert.pt/web/image/product.template/9627/image?unique=4079164
YC110-139-03,"Escape (completo), YCF (FACTORY) PITBIKE",Escapes Pitbikes / Mini-ATV's (4T),"202,44",https://motoxpert.pt/web/image/product.template/9626/image?unique=4079164
YC110-139-09,"Escape (completo), YCF (BIGY FD190 MX SINGLE) PITBIKE",Escapes Pitbikes / Mini-ATV's (4T),"202,44",https://motoxpert.pt/web/image/product.template/9625/image?unique=4079164
YC110-139-10,"Escape (completo), YCF (BIGY 150B MX SINGLE 2017) PITBIKE",Escapes Pitbikes / Mini-ATV's (4T),"77,24",https://motoxpert.pt/web/image/product.template/9624/image?unique=4079164
YC110-136-07-BK,"Escape (completo) RACING, YCF (PILOT / SM150) / PITBIKE",Escapes Pitbikes / Mini-ATV's (4T),"243,09",https://motoxpert.pt/web/image/product.template/9622/image?unique=4079164
YC110-139-07-BK,"Escape (completo) RACING, YCF (FACTORY) / PITBIKE",Escapes Pitbikes / Mini-ATV's (4T),"243,09",https://motoxpert.pt/web/image/product.template/9621/image?unique=4079164
YC110-140-01-BK,"Escape (completo) RACING, YCF (BIGY) / PITBIKE",Escapes Pitbikes / Mini-ATV's (4T),"243,09",https://motoxpert.pt/web/image/product.template/9620/image?unique=4079164
YC110-136-08-BK,"Escape (completo) RACING DUPLO, YCF (PILOT / SM 150) PITBIKE)",Escapes Pitbikes / Mini-ATV's (4T),"324,39",https://motoxpert.pt/web/image/product.template/9619/image?unique=4079164
YC110-139-08-BK,"Escape (completo) RACING DUPLO, YCF (FACTORY) PITBIKE)",Escapes Pitbikes / Mini-ATV's (4T),"324,39",https://motoxpert.pt/web/image/product.template/9618/image?unique=4079164
YC110-140-02-BK,"Escape (completo) RACING DUPLO, YCF (BIGY) PITBIKE)",Escapes Pitbikes / Mini-ATV's (4T),"324,39",https://motoxpert.pt/web/image/product.template/9617/image?unique=4079164
SCALVINI-SP-TALU,"Escape (completo) DUPLO, YCF (FACTORY) PITBIKE / SCALVINI ®",Escapes Pitbikes / Mini-ATV's (4T),"405,69",https://motoxpert.pt/web/image/product.template/9611/image?unique=4079164
SCALVINI-BIGY-TALU,"Escape (completo) DUPLO, YCF (BIGY) / SCALVINI ®",Escapes Pitbikes / Mini-ATV's (4T),"405,69",https://motoxpert.pt/web/image/product.template/9610/image?unique=4079164
YC110-13028-01,"Colector de Escape, YCF FACTORY (SP3) / PITBIKE)",Escapes Pitbikes / Mini-ATV's (4T),"104,88",https://motoxpert.pt/web/image/product.template/9606/image?unique=4079164
YC110-13028-03,"Colector de Escape, YCF FACTORY (BIGY 190) / PITBIKE)",Escapes Pitbikes / Mini-ATV's (4T),"104,88",https://motoxpert.pt/web/image/product.template/9605/image?unique=4079164
YC110-1302-26,"Colector de Escape, YCF (BIGY 190 ZE) / PITBIKE ",Escapes Pitbikes / Mini-ATV's (4T),"47,97",https://motoxpert.pt/web/image/product.template/9604/image?unique=4079164
YC110-1302-28,"Colector de Escape, YCF (BIGY 150 FACTORY) / PITBIKE",Escapes Pitbikes / Mini-ATV's (4T),"47,97",https://motoxpert.pt/web/image/product.template/9603/image?unique=4079164
YC110-1302-20,"Colector de Escape, YCF (BIGY 125/150 MX) / PITBIKE ",Escapes Pitbikes / Mini-ATV's (4T),"47,97",https://motoxpert.pt/web/image/product.template/9602/image?unique=4079164
